{
   "providers":[

      {
         "type":"bitmap",
         "file":"minecraft:ranks/helper.png",
         "ascent":7,
         "height":7,
         "chars":[
            "口"
         ]
      },
      {
         "type":"bitmap",
         "file":"minecraft:ranks/mod.png",
         "ascent":7,
         "height":7,
         "chars":[
            "回"
         ]
      },
      {
         "type":"bitmap",
         "file":"minecraft:ranks/admin.png",
         "ascent":7,
         "height":7,
         "chars":[
            "品"
         ]
      },
      {
         "type":"bitmap",
         "file":"minecraft:ranks/owner.png",
         "ascent":7,
         "height":7,
         "chars":[
            "唱"
         ]
      },
      {
         "type":"bitmap",
         "file":"minecraft:ranks/member.png",
         "ascent":7,
         "height":7,
         "chars":[
            "识"
         ]
      }
   ]
}
